city,date,source(s),notes,newspaper_articles
Austin,"December 21, 2013",https://en.wikipedia.org/wiki/Austin_B-cycle,"Launched as Austin B-cycle with 11 stations/110 bikes.","[""Austin Chronicle: https://www.austinchronicle.com/news/austin-bike-share-rolls-out-11759274/"", ""Community Impact: https://communityimpact.com/austin/news/2013/11/13/austin-b-cycle-announces-december-roll-out/"", ""KUT (Austin NPR): https://www.kut.org/transportation/2013-12-20/b-cycle-austins-bike-share-program-rolls-out-saturday""]"
Bergen,"July 2018",https://urbaninfrastructure.no/bergen-bysykkel-as/?lang=en,"First permanent, year-round scheme (Bergen City Bike).","[""Bergens Tidende: https://www.bt.no/nyheter/lokalt/i/A2M3Mr/bysyklene-rammet-av-leveringssvikt"", ""Bergensavisen (BA): https://www.ba.no/bysykler/bergen/nyheter/her-er-de-nye-bysklene-kommet/s/5-8-818452"", ""Bergen kommune official notice: https://www.bergen.kommune.no/hvaskjer/bymiljo/firedoblet-antall-bysykkelturer-i-april""]"
Boston,"July 28, 2011",https://bluebikes.com/about,"Launched as Hubway; renamed Bluebikes in 2018.","[""Boston Globe: https://www.bostonglobe.com/metro/2011/09/05/early-success-hub-bike-sharing-surprises-even-program-backers/vt2QfAjEy47Fnt6U1vXicL/story.html"", ""WBUR: https://www.wbur.org/news/2011/07/28/boston-bike-share-program"", ""Boston.gov (city announcement): https://www.boston.gov/news/ten-years-public-bike-share-celebrated-week""]"
Chattanooga,"July 23-24, 2012",https://www.chattanoogan.com/2012/7/24/230882/Bike-Chattanooga-Announces-Full.aspx,"Launched as Bike Chattanooga.","[""Chattanooga Times Free Press: https://timesfreepress.com/news/news/story/2012/apr/20/chattanooga-unveils-bike-share-program/75969"", ""Chattanooga Times Free Press (10-yr retro): https://www.timesfreepress.com/news/2022/jul/28/bike-chattanoogboosts-ridership-over-10-years/"", ""Chattanoogan.com: https://www.chattanoogan.com/2012/7/24/230882/Bike-Chattanooga-Announces-Full.aspx""]"
Columbus,"July 30, 2013",https://en.wikipedia.org/wiki/CoGo,"Launched as CoGo Bike Share; system ended Feb 2025.","[""Columbus Dispatch (via AOL syndication): https://www.aol.com/columbus-funding-cogo-bike-share-110814762.html"", ""Columbus Underground: https://columbusunderground.com/cogo-bike-share-ending-service-this-month-we1/"", ""Clintonville Spotlight: https://www.clintonvillespotlight.com/articles/cogo-presents-plans-to-crank-up-bike-use/""]"
Chicago,"June 28, 2013",https://en.wikipedia.org/wiki/Divvy,"Launched as Divvy.","[""Chicago Sun-Times: https://chicago.suntimes.com/news/divvy-bikes-data-148-million-rides-map-bikeshare"", ""Chicago Sun-Times: https://chicago.suntimes.com/news/divvy-expanding-on-south-and-west-sides-even-the-suburbs"", ""WTTW (Chicago PBS, Chicago Tonight): https://www.pbs.org/video/chicago-tonight-june-26-2013-bikes-all""]"
Daejeon,"October 21, 2008 (corrected from prior answer)","https://namu.wiki/w/%ED%83%80%EC%8A%88 ; http://usjournal.kr/news/newsview.php?ncode=1065601748151630","CORRECTED: launched as manned rental system 'It's Bike' on Oct 21, 2008 (unmanned system followed ~2009-2010 via ETRI). Nov 2007 was only the 'bicycle city' policy declaration, not the system launch.","[""Ulsan Journal (교통 정책 비교 기사): http://usjournal.kr/news/newsview.php?ncode=1065601748151630"", ""Busan Ilbo: https://www.busan.com/view/busan/view.php?code=2023090116051641434"", ""Note: could not locate a contemporaneous (2008) newspaper article in this search session; above are retrospective pieces from Korean outlets.""]"
Guadalajara,"December 1, 2014",https://www.milenio.com/comunidad/mibici-entre-la-consolidacion-y-los-retos-viales-en-el-amg,"Launched as MiBici.","[""El Informador (contemporaneous, Dec 1 2014): https://www.informador.mx/Jalisco/Inicia-programa-MiBici-20141201-0064.html"", ""El Informador (Oct 14 2014, first station preview): https://www.informador.mx/Jalisco/Cinco-claves-que-debes-saber-para-ser-usuario-de-MiBici-20141014-0020.html"", ""El Informador (anniversary retrospective): https://www.informador.mx/jalisco/MiBici-crece-con-60-nuevas-estaciones-piden-ampliacion-a-Tonala-y-Tlajomulco-20250105-0021.html""]"
Jersey City,"September 21, 2015",https://njbikeped.org/jersey-citys-new-citi-bike-stations-how-to-benefit-all-neighborhoods-equally/,"Launched as Citi Bike Jersey City, interoperable with NYC Citi Bike.","[""Next City: https://nextcity.org/urbanist-news/jersey-city-launches-bike-share"", ""Riverview Observer (local JC outlet, contemporaneous): https://riverviewobserver.net/general/citi-bike-program-launches-in-jersey-city/"", ""NJ Bicycle & Pedestrian Resource Center (cites Jersey Journal reporting): https://njbikeped.org/jersey-citys-new-citi-bike-stations-how-to-benefit-all-neighborhoods-equally/""]"
Helsinki,"2000",https://en.wikipedia.org/wiki/Helsinki_City_Bikes,"Original coin-deposit 'City Bikes' scheme ran 2000-2010. Modern relaunch was May 2, 2016.","[""Yle (Finnish national broadcaster, retrospective): https://yle.fi/aihe/artikkeli/2016/04/26/vandalismi-ja-varkaudet-koituivat-helsingin-ensimmaisten-kaupunkipyorien"", ""Note: contemporaneous year-2000 newspaper coverage was not locatable in this search session (predates most online newspaper archives); Yle piece is the best sourced historical account found.""]"
London,"July 30, 2010",https://en.wikipedia.org/wiki/Santander_Cycles,"Launched as Barclays Cycle Hire ('Boris Bikes'); now Santander Cycles.","[""BBC News: https://feeds.bbci.co.uk/news/uk-england-london-11497197"", ""BBC News: https://feeds.bbci.co.uk/news/uk-england-london-11167089"", ""Evening Standard (cited via Wikipedia sourcing, May 2010 preview): https://www.standard.co.uk/hp/front/taking-a-ride-on-boriss-hot-wheels-hire-bikes-6472127.html""]"
Los Angeles,"July 7, 2016",https://en.wikipedia.org/wiki/Metro_Bike_Share,"Launched as Metro Bike Share in Downtown LA.","[""LAist: https://laist.com/news/kpcc-archive/how-to-use-metro-s-bike-share-service-in-downtown"", ""Streetsblog LA: https://la.streetsblog.org/2016/05/25/metro-sets-date-to-launch-dtla-bike-share-july-7"", ""Time Out Los Angeles: https://www.timeout.com/los-angeles/blog/metro-announced-the-details-of-its-bike-share-program-launching-this-july-052516""]"
Mexico City,"February 16, 2010",https://en.wikipedia.org/wiki/Ecobici_(Mexico_City),"Launched as Ecobici.","[""La Jornada (contemporaneous, Feb 17 2010): https://www.jornada.com.mx/2010/02/17/capital/037n1cap"", ""El Informador retrospective/expansion coverage: https://obras.expansion.mx/infraestructura/2026/02/13/ecobici-y-ciclovias-dos-redes-que-crecieron-juntas-en-cdmx"", ""Expansión Política: https://politica.expansion.mx/cdmx/2022/02/16/ecobici-12-aniversario-ampliacion-y-modernizacion""]"
Montreal,"May 12, 2009",https://en.wikipedia.org/wiki/Bixi_(bicycle_share_system),"Launched as BIXI; North America's first large-scale modern bikeshare.","[""Montreal Gazette (via Pressreader archive): https://www.pressreader.com/canada/montreal-gazette/20120718/281522223205127"", ""CBC News: https://www.cbc.ca/news/canada/montreal/nyc-gets-its-own-version-of-bixi-1.1412044"", ""CBC News (anniversary piece): https://amp.cbc.ca/lite/story/1.3106874""]"
NYC,"May 27, 2013",https://www.nyc.gov/html/dot/html/pr2012/pr12_42.shtml,"Launched as Citi Bike (annual members May 27; general public June 2, 2013).","[""TIME: https://science.time.com/2013/06/13/new-yorks-bike-share-program-needs-a-serious-debugging/"", ""CBS New York: https://www.cbsnews.com/newyork/news/citi-bikes-ready-to-hit-the-road-monday/"", ""The Lo-Down (Lower East Side local news): https://www.thelodownny.com/leslog/2013/07/summer-of-the-citi-bike-lower-east-side-edition.html""]"
Oslo,"April 1, 2016 (CORRECTED - new IT-based system, per your instruction)",https://grokipedia.com/page/oslo_bysykkel ; https://www.aftenposten.no/oslo/i/pWjX/slik-blir-oslos-nye-bysykler,"New smart-bike system (ShareBike tech, Urban Infrastructure Partner operator) replaced the old coin-deposit scheme (2002-2015) when the 2016 season opened.","[""Aftenposten (contemporaneous preview, Nov 2015): https://www.aftenposten.no/osloby/i/pWjX/Slik-blir-Oslos-nye-bysykler"", ""Aftenposten (mid-2016 rollout coverage): https://www.aftenposten.no/osloby/i/zOLn1/bysykler-for-hver-som-sykler-opp-til-st-hanshaugen-er-det-9-som-syk"", ""Dagbladet (2018 retrospective referencing 2016 launch): https://www.dagbladet.no/kultur/ingen-bysykkelkrise-i-oslo/70032649""]"
Philadelphia,"April 23, 2015",https://www.phila.gov/2025-04-23-indego-bike-share-program-marks-10-years-over-8-million-rides-with-anniversary-celebration/,"Launched as Indego.","[""Philadelphia Inquirer: https://www.inquirer.com/philly/blogs/pattisonave/Bike-sharing-finally-arrives-in-Philadelphia.html"", ""PhillyVoice: https://www.phillyvoice.com/love-bike-sharing-philly-ready-indego/"", ""Philadelphia Magazine: https://www.phillymag.com/be-well-philly/2015/04/21/indego-bike-share-stations-philadelphia/""]"
Pittsburgh,"May 31, 2015",https://en.wikipedia.org/wiki/Healthy_Ride,"Launched as Healthy Ride; rebranded to POGOH in 2022.","[""Pittsburgh Magazine: https://www.pittsburghmagazine.com/Best-of-the-Burgh-Blogs/The-412/May-2015/By-the-Numbers-Pittsburghs-New-Bike-Share-Program/"", ""90.5 WESA (Pittsburgh NPR): https://www.wesa.fm/development-transportation/2015-07-13/healthy-beginning-for-long-awaited-pittsburgh-bike-share"", ""Pittsburgh Tribune-Review (TribLive archive): https://archive.triblive.com/local/pittsburgh-allegheny/pittsburgh-bike-share-rates-will-be-4-per-hour-officials-say-highmark-mum-on-extent-of-support/""]"
San Francisco,"August 29, 2013",https://www.sfmta.com/press-releases/bay-area-bike-share-launches-san-francisco,"Launched as Bay Area Bike Share; later Ford GoBike, then Bay Wheels.","[""SF Chronicle/SFGate (referenced via SFMTA outreach summary): http://www.sfchronicle.com/bayarea/article/Bike-sharing-in-Bay-Area-starts-in-August-4567797.php"", ""Mountain View Voice: https://www.mv-voice.com/news/2013/08/29/ready-to-roll-bike-share-launches/"", ""Patch (Cupertino/Bay Area local): https://patch.com/california/cupertino/bay-area-bike-share-program-to-launch-aug-28""]"
Seoul,"October 15, 2015",https://en.wikipedia.org/wiki/Ddareungi,"Launched as Ddareungi ('Seoul Bike').","[""Munhwa Ilbo (문화일보): https://www.munhwa.com/article/11546176"", ""Seoul Sinmun (서울신문): https://www.seoul.co.kr/news/society/2020/11/06/20201106500062"", ""Korea Financial News (한국금융신문): https://m.fntimes.com/html/view.php?ud=20191117213044887059eb9bc7c2_18""]"
Taipei,"March 11, 2009",https://en.wikipedia.org/wiki/YouBike,"Launched as a small YouBike pilot in Xinyi District (11 stations/500 bikes).","[""Business Weekly (商業周刊): https://www.businessweekly.com.tw/business/blog/8140"", ""Note: could not locate additional independent contemporaneous (2009) Taiwanese newspaper articles in this search session; most coverage found was retrospective.""]"
Toronto,"May 3, 2011",https://en.wikipedia.org/wiki/Bike_Share_Toronto,"Launched as Bixi Toronto (1,000 bikes/80 stations downtown); taken over by Toronto Parking Authority in 2014 and renamed Bike Share Toronto.","[""The Globe and Mail: https://www.theglobeandmail.com/news/toronto/a-bumpy-first-ride-for-bixi-bike-program-in-toronto/article583546/"", ""BlogTO: https://www.blogto.com/city/2011/05/bixi_bike-sharing_officially_launches_in_toronto/"", ""Toronto Life (references and links contemporaneous Toronto Star, National Post, and CBC launch-day coverage): https://torontolife.com/city/bixi-toronto-launches-with-limited-service-missing-keys-rain-and-optimism/""]",
Trondheim,"May 15, 2018 (CORRECTED - new IT-based system, per your instruction)",https://urbaninfrastructure.no/trondheim-bysykkel-as/?lang=en,"New system (750 bikes, GPS/app-based, world's first hybrid lock) replaced the older coin-deposit-style bikes that had been in place since 1998/2013.","[""Adresseavisen (contemporaneous, May 5 2018): https://www.adressa.no/nyheter/i/k3VgJX/mangedobler-antall-bysykler-og-lanesteder"", ""Adresseavisen (Nov 2017 preview): https://www.adressa.no/nyheter/i/L17zWR/trondheim-far-600-splitter-nye-bysykler-neste-ar-men-kommunen-far-ikke-lov-til-a-vise-den-fram""]"
Vancouver,"July 20, 2016",https://en.wikipedia.org/wiki/Mobi_(bike_share),"Launched as Mobi (soft-launch to founding members).","[""CBC News: https://www.cbc.ca/lite/story/1.3686964"", ""Daily Hive: https://dailyhive.com/vancouver/vancouver-mobi-bike-share-ridership"", ""Momentum Mag (Vancouver-based cycling magazine): https://momentummag.com/mobi-vancouvers-bike-share-launch/""]"
Washington DC,"August 2008",https://en.wikipedia.org/wiki/SmartBike_DC,"Original was SmartBike DC (Aug 2008-Jan 2011); replaced by Capital Bikeshare in Sept 2010.","[""Washington Post: https://www.washingtonpost.com/archive/local/2008/04/19/bicyclesharing-program-to-debut/5497c5a8-66bd-4813-a521-d88d619f3bbf/"", ""Washington Post (via Bend Bulletin syndication, Aug 14 2008 launch): https://bendbulletin.com/2008/08/14/in-d-c-first-u-s-program-to-share-bikes-gets-rolling/"", ""Greater Greater Washington (local DC transit/urbanism outlet): https://ggwash.org/view/659/smartbike-launches-and-more-bicycle-coverage""]"